id,name,model_id:id,group_id:id,perm_read,perm_write,perm_create,perm_unlink
access_tms_site_driver,tms_site.driver,tms_fleet.model_tms_site,tms_fleet.group_tms_driver,1,0,0,0
access_tms_site_user,tms_site.user,tms_fleet.model_tms_site,tms_fleet.group_tms_user,1,1,1,0
access_tms_site_manager,tms_site.manager,tms_fleet.model_tms_site,tms_fleet.group_tms_manager,1,1,1,1
access_tms_tour_driver,tms_tour.driver,tms_fleet.model_tms_tour,tms_fleet.group_tms_driver,1,1,1,0
access_tms_tour_user,tms_tour.user,tms_fleet.model_tms_tour,tms_fleet.group_tms_user,1,1,1,0
access_tms_tour_manager,tms_tour.manager,tms_fleet.model_tms_tour,tms_fleet.group_tms_manager,1,1,1,1
access_tms_tour_stop_driver,tms_tour_stop.driver,tms_fleet.model_tms_tour_stop,tms_fleet.group_tms_driver,1,1,1,0
access_tms_tour_stop_user,tms_tour_stop.user,tms_fleet.model_tms_tour_stop,tms_fleet.group_tms_user,1,1,1,0
access_tms_tour_stop_manager,tms_tour_stop.manager,tms_fleet.model_tms_tour_stop,tms_fleet.group_tms_manager,1,1,1,1
access_tms_document_driver,tms_document.driver,tms_fleet.model_tms_document,tms_fleet.group_tms_driver,1,0,0,0
access_tms_document_user,tms_document.user,tms_fleet.model_tms_document,tms_fleet.group_tms_user,1,1,1,0
access_tms_document_manager,tms_document.manager,tms_fleet.model_tms_document,tms_fleet.group_tms_manager,1,1,1,1
access_tms_incident_driver,tms_incident.driver,tms_fleet.model_tms_incident,tms_fleet.group_tms_driver,1,1,1,0
access_tms_incident_user,tms_incident.user,tms_fleet.model_tms_incident,tms_fleet.group_tms_user,1,1,1,0
access_tms_incident_manager,tms_incident.manager,tms_fleet.model_tms_incident,tms_fleet.group_tms_manager,1,1,1,1
access_tms_fuel_log_driver,tms_fuel_log.driver,tms_fleet.model_tms_fuel_log,tms_fleet.group_tms_driver,1,1,1,0
access_tms_fuel_log_user,tms_fuel_log.user,tms_fleet.model_tms_fuel_log,tms_fleet.group_tms_user,1,1,1,0
access_tms_fuel_log_manager,tms_fuel_log.manager,tms_fleet.model_tms_fuel_log,tms_fleet.group_tms_manager,1,1,1,1
access_tms_driving_event_driver,tms_driving_event.driver,tms_fleet.model_tms_driving_event,tms_fleet.group_tms_driver,1,1,1,0
access_tms_driving_event_user,tms_driving_event.user,tms_fleet.model_tms_driving_event,tms_fleet.group_tms_user,1,1,1,0
access_tms_driving_event_manager,tms_driving_event.manager,tms_fleet.model_tms_driving_event,tms_fleet.group_tms_manager,1,1,1,1
access_tms_gps_position_driver,tms_gps_position.driver,tms_fleet.model_tms_gps_position,tms_fleet.group_tms_driver,1,0,0,0
access_tms_gps_position_user,tms_gps_position.user,tms_fleet.model_tms_gps_position,tms_fleet.group_tms_user,1,1,1,0
access_tms_gps_position_manager,tms_gps_position.manager,tms_fleet.model_tms_gps_position,tms_fleet.group_tms_manager,1,1,1,1
access_tms_geofence_driver,tms_geofence.driver,tms_fleet.model_tms_geofence,tms_fleet.group_tms_driver,1,0,0,0
access_tms_geofence_user,tms_geofence.user,tms_fleet.model_tms_geofence,tms_fleet.group_tms_user,1,1,1,0
access_tms_geofence_manager,tms_geofence.manager,tms_fleet.model_tms_geofence,tms_fleet.group_tms_manager,1,1,1,1
access_tms_maintenance_plan_driver,tms_maintenance_plan.driver,tms_fleet.model_tms_maintenance_plan,tms_fleet.group_tms_driver,1,0,0,0
access_tms_maintenance_plan_user,tms_maintenance_plan.user,tms_fleet.model_tms_maintenance_plan,tms_fleet.group_tms_user,1,1,1,0
access_tms_maintenance_plan_manager,tms_maintenance_plan.manager,tms_fleet.model_tms_maintenance_plan,tms_fleet.group_tms_manager,1,1,1,1
access_tms_report_schedule_driver,tms_report_schedule.driver,tms_fleet.model_tms_report_schedule,tms_fleet.group_tms_driver,1,0,0,0
access_tms_report_schedule_user,tms_report_schedule.user,tms_fleet.model_tms_report_schedule,tms_fleet.group_tms_user,1,1,1,0
access_tms_report_schedule_manager,tms_report_schedule.manager,tms_fleet.model_tms_report_schedule,tms_fleet.group_tms_manager,1,1,1,1
